sl_atr_mult,tp1_atr_mult,tp2_atr_mult,tp3_atr_mult,trailing_activation_atr_mult,mean_Sharpe,std_Sharpe,min_Sharpe,mean_PF,mean_DD,worst_DD,mean_Ret,mean_Trades,mean_WinR,n_folds
1.0,1.0,2.5,4.5,2.0,0.5813753322524023,0.6622298493584312,-0.01040878779684864,1.0185744270354344,-3.90458126778635,-5.255772676736069,1.3645282886418864,9.666666666666666,33.16239316239316,3
1.0,1.0,2.5,4.5,3.0,0.8373206327475348,0.7350118966322783,-0.01040878779684864,1.2319572266047356,-3.9045812677863574,-5.255772676736069,2.0815543589082885,9.0,32.92929292929293,3
1.0,1.0,2.5,6.0,2.0,0.6282630277181436,0.5618707035959408,-0.01040878779684864,1.0284612799529065,-3.9045812677863494,-5.255772676736069,1.5169952322081404,8.333333333333334,28.14814814814815,3
1.0,1.0,2.5,6.0,3.0,0.49716347875473305,0.45031747093576857,-0.01040878779684864,0.8959207269345449,-3.904581267786354,-5.255772676736069,1.1847477529431716,8.666666666666666,26.936026936026934,3
1.0,1.0,2.5,8.0,2.0,0.09402374609045316,0.42508653492559184,-0.269113988480814,0.8787432536890202,-4.032285178112275,-5.255772676736069,0.1993978771165398,8.333333333333334,26.641414141414142,3
1.0,1.0,2.5,8.0,3.0,0.18702685067212602,0.5806063677662643,-0.269113988480814,0.9568744257011176,-4.034199382337291,-5.255772676736069,0.44485103885587945,8.333333333333334,26.641414141414142,3
1.0,1.0,3.5,4.5,2.0,0.6328602061924389,0.7033366179065622,0.07677290203766224,1.0686596061929239,-4.009745161790543,-5.237102516914004,1.5577836796702105,9.666666666666666,33.16239316239316,3
1.0,1.0,3.5,4.5,3.0,0.8020887657530422,0.6793504246787914,0.07677290203766224,1.192667137037178,-4.049359926413911,-5.237102516914004,2.076119013207367,9.0,29.898989898989896,3
1.0,1.0,3.5,6.0,2.0,0.6321586406204137,0.4847992350584322,0.07677290203766224,1.002522526747595,-4.009745161790559,-5.237102516914004,1.5814881850973201,8.333333333333334,28.14814814814815,3
1.0,1.0,3.5,6.0,3.0,0.576886922061815,0.45631395529216645,0.07677290203766224,0.9469306876882086,-4.009745161790548,-5.237102516914004,1.445669887395673,8.666666666666666,26.936026936026934,3
1.0,1.0,3.5,8.0,2.0,0.18401329788364104,0.4263063675546578,-0.1784334965656861,0.9418824117542544,-3.9924109311094678,-5.237102516914004,0.45380955645038706,8.333333333333334,26.641414141414142,3
1.0,1.0,3.5,8.0,3.0,0.24303312020670897,0.5247377448352046,-0.1784334965656861,0.9955822740024783,-4.105385628016444,-5.237102516914004,0.6167842165379467,8.333333333333334,26.641414141414142,3
1.0,1.0,5.0,6.0,2.0,0.6387955246898848,0.707364307071777,-0.1728054412981365,0.9952275846650442,-4.169882068299619,-5.717513236441231,1.5566707647073017,8.333333333333334,28.14814814814815,3
1.0,1.0,5.0,6.0,3.0,0.5418616856185253,0.6585621799993306,-0.1728054412981365,0.9080555288818316,-4.169882068299635,-5.717513236441231,1.2983409721245232,8.666666666666666,26.936026936026934,3
1.0,1.0,5.0,8.0,2.0,0.18433574326633484,0.5150040649654801,-0.1728054412981365,0.9319159429781134,-4.102071547025326,-5.717513236441231,0.3840598632949647,8.333333333333334,26.641414141414142,3
1.0,1.0,5.0,8.0,3.0,0.24905102075806995,0.6264251352772324,-0.1728054412981365,0.990107611422009,-4.2152221417083355,-5.717513236441231,0.5595430105733712,8.333333333333334,26.641414141414142,3
1.0,1.5,2.5,4.5,2.0,0.5682105607530861,0.5479998769470483,0.10731637129713537,1.0182737065092669,-4.22091802117718,-5.254414768974449,1.4896409845726266,9.666666666666666,33.16239316239316,3
1.0,1.5,2.5,4.5,3.0,0.8007708481309829,0.6011398126130575,0.10731637129713537,1.2189350702641892,-4.23525619403106,-5.254414768974449,2.1986090671031113,9.0,32.92929292929293,3
1.0,1.5,2.5,6.0,2.0,0.5478707531811574,0.38469787485216683,0.10731637129713537,0.976161565317965,-4.2209180211771775,-5.254414768974449,1.4745596954626776,8.333333333333334,28.14814814814815,3
1.0,1.5,2.5,6.0,3.0,0.4201076171835186,0.30602744762650064,0.10731637129713537,0.8613687802908171,-4.220918021177184,-5.254414768974449,1.1068184087791682,8.666666666666666,26.936026936026934,3
1.0,1.5,2.5,8.0,2.0,0.02321399583029471,0.3411525330663459,-0.35212407080508623,0.8279409984385223,-4.550073015880159,-5.254414768974449,0.044128003652817625,8.333333333333334,26.641414141414142,3
1.0,1.5,2.5,8.0,3.0,0.11293150325878021,0.4678884109407778,-0.35212407080508623,0.8996220900169466,-4.442118464304385,-5.254414768974449,0.30986105350042276,8.333333333333334,26.641414141414142,3
1.0,1.5,3.5,4.5,2.0,0.6192072760102514,0.5919632546851776,0.19140264688913505,1.0654857133516666,-4.325408217263664,-5.235770119324947,1.6829756316134592,9.666666666666666,33.16239316239316,3
1.0,1.5,3.5,4.5,3.0,0.7746998502764066,0.5544066749591999,0.19140264688913505,1.1855828003599587,-4.432294439891003,-5.235770119324947,2.193403706638223,9.0,29.898989898989896,3
1.0,1.5,3.5,6.0,2.0,0.5575790643902198,0.33076596461015484,0.19140264688913505,0.962199744487264,-4.325408217263674,-5.235770119324947,1.5396827283478205,8.333333333333334,28.14814814814815,3
1.0,1.5,3.5,6.0,3.0,0.4972841907374432,0.32280622847795276,0.19140264688913505,0.9094649786673213,-4.325408217263664,-5.235770119324947,1.367468224970203,8.666666666666666,26.936026936026934,3
1.0,1.5,3.5,8.0,2.0,0.10797563689050081,0.3418167394342938,-0.26783161821424367,0.8854908923084471,-4.510616283788249,-5.235770119324947,0.29796982622692186,8.333333333333334,26.641414141414142,3
1.0,1.5,3.5,8.0,3.0,0.1677290295593775,0.424219544513402,-0.26783161821424367,0.93708394093456,-4.5126117992504975,-5.235770119324947,0.481786151261913,8.333333333333334,26.641414141414142,3
1.0,1.5,5.0,6.0,2.0,0.5609105372228022,0.5440868553698902,-0.054320321242903466,0.9477420742238113,-4.4853446709749,-5.715579480458661,1.5129294278179366,8.333333333333334,28.14814814814815,3
1.0,1.5,5.0,6.0,3.0,0.4627504144859869,0.5165346634307387,-0.054320321242903466,0.8675437773881128,-4.485344670974901,-5.715579480458661,1.2187083682165551,8.666666666666666,26.936026936026934,3
1.0,1.5,5.0,8.0,2.0,0.1056878917694402,0.36132753375687265,-0.14800789006310364,0.8671405272393261,-4.620689964186344,-5.715579480458661,0.2259976665166752,8.333333333333334,26.641414141414142,3
1.0,1.5,5.0,8.0,3.0,0.16929527100262154,0.47078568733629506,-0.14800789006310364,0.9230668890261553,-4.6226885842967596,-5.715579480458661,0.4223106933481195,8.333333333333334,26.641414141414142,3
1.0,2.0,2.5,4.5,2.0,0.4589310694314063,0.35484829465175943,0.21851739484828653,0.934427139112829,-4.606568862540402,-5.401248041895489,1.2961393893937023,9.666666666666666,33.16239316239316,3
1.0,2.0,2.5,4.5,3.0,0.6763264576815198,0.39836304729461947,0.21851739484828653,1.0910060992691928,-4.606568862540402,-5.401248041895489,1.9945985967418849,9.0,35.95959595959596,3
1.0,2.0,2.5,6.0,2.0,0.4210186597892334,0.20949148098649883,0.21851739484828653,0.8810989188453356,-4.606568862540402,-5.401248041895489,1.2161215060956094,8.333333333333334,31.48148148148148,3
1.0,2.0,2.5,6.0,3.0,0.29068968089103736,0.10223246722096659,0.21851739484828653,0.7889787154153672,-4.606568862540402,-5.401248041895489,0.8134554934712787,8.666666666666666,26.936026936026934,3
1.0,2.0,2.5,8.0,2.0,-0.10256476415776343,0.46611727539583625,-0.6371980780074106,0.7586792539082617,-4.844923574766582,-5.401248041895489,-0.29637853544367915,8.333333333333334,26.641414141414142,3
1.0,2.0,2.5,8.0,3.0,-0.019535133608277116,0.5395741779776257,-0.6371980780074106,0.8145666705680634,-4.73664629477209,-5.401248041895489,-0.03777789238340231,8.333333333333334,26.641414141414142,3
1.0,2.0,3.5,4.5,2.0,0.5106291436010207,0.41173901889362174,0.24667217691958507,0.9767822684754774,-4.643663170912826,-5.401248041895489,1.488921896054074,9.666666666666666,33.16239316239316,3
1.0,2.0,3.5,4.5,3.0,0.6577234707014014,0.3434523630468036,0.3001546236190436,1.0767087653439749,-4.701988134802314,-5.401248041895489,1.9896897035684387,9.0,29.898989898989896,3
1.0,2.0,3.5,6.0,2.0,0.43389276890587697,0.1177044458856559,0.3001546236190436,0.8785954949870541,-4.643663170912828,-5.401248041895489,1.281257575041354,8.333333333333334,28.14814814814815,3
1.0,2.0,3.5,6.0,3.0,0.36686840082095046,0.13454707010145303,0.2787145161486009,0.8327555034333489,-4.643663170912828,-5.401248041895489,1.0731103088841658,8.666666666666666,26.936026936026934,3
1.0,2.0,3.5,8.0,2.0,-0.02063019505706058,0.4663024667100716,-0.5555367103245177,0.8105183640002281,-4.805475323019867,-5.401248041895489,-0.0434763555868097,8.333333333333334,26.641414141414142,3
1.0,2.0,3.5,8.0,3.0,0.0347464533414605,0.5120641910379597,-0.5555367103245177,0.8499321966774418,-4.807125819573109,-5.401248041895489,0.13375059480737658,8.333333333333334,26.641414141414142,3
1.0,2.0,5.0,6.0,2.0,0.43539575497425176,0.3293155059203289,0.05726796692930127,0.8547085672654634,-4.803399673035966,-5.71365055961627,1.2516573431685662,8.333333333333334,28.14814814814815,3
1.0,2.0,5.0,6.0,3.0,0.3325369758587169,0.30429594944656696,0.05726796692930127,0.7857249316891055,-4.803399673035968,-5.71365055961627,0.9220751754081361,8.666666666666666,26.936026936026934,3
1.0,2.0,5.0,8.0,2.0,-0.024320807253433496,0.38347194890240904,-0.44202126956849747,0.7836018232641894,-4.915349051829862,-5.71365055961627,-0.11822751609600335,8.333333333333334,26.641414141414142,3
1.0,2.0,5.0,8.0,3.0,0.033907723042115846,0.4646894550788253,-0.44202126956849747,0.826382960958799,-4.917002114345483,-5.71365055961627,0.07137275474601672,8.333333333333334,26.641414141414142,3
1.5,1.0,2.5,4.5,2.0,0.996054942785439,0.3619638213606647,0.5892997168787525,1.2575793250638594,-3.9473862356362743,-4.705470575310528,2.84194348789919,8.0,40.984848484848484,3
1.5,1.0,2.5,4.5,3.0,1.1189275324217707,0.6658181662938296,0.5892997168787525,1.926479973954346,-3.553032838020959,-4.705470575310528,3.375456202937377,7.333333333333333,45.15151515151515,3
1.5,1.0,2.5,6.0,2.0,0.853814033383188,0.24040318197753519,0.5892997168787525,1.0891015881710795,-3.8891714384776024,-4.705470575310528,2.4385989344807437,7.0,37.67195767195767,3
1.5,1.0,2.5,6.0,3.0,1.054561078539525,0.4630605237254889,0.5892997168787525,1.5767546045968526,-3.3247819704470185,-4.705470575310528,3.146008038214964,6.333333333333333,41.48148148148148,3
1.5,1.0,2.5,8.0,2.0,0.7453940239039324,0.21893626932281673,0.5892997168787525,1.089074661057387,-4.184052247081014,-4.705470575310528,2.1456407246103204,6.666666666666667,35.357142857142854,3
1.5,1.0,2.5,8.0,3.0,0.9410234862237061,0.5564381555467071,0.5892997168787525,1.6885528035451045,-3.6196627790504308,-4.705470575310528,2.8552156742252492,6.0,39.166666666666664,3
1.5,1.0,3.5,4.5,2.0,1.0031424721719968,0.3439224882720822,0.7433681485166618,1.2756758636691412,-4.065306685783116,-4.6195201552800444,3.0006657455981265,8.0,40.984848484848484,3
1.5,1.0,3.5,4.5,3.0,1.1000383890103895,0.7512160585902787,0.5935995893803914,1.9693452553813804,-3.743242834564086,-4.648528269893329,3.4598766285667124,7.333333333333333,42.121212121212125,3
1.5,1.0,3.5,6.0,2.0,0.9451138336493781,0.17712256092901715,0.7433681485166618,1.151843322045439,-3.938004041024847,-4.6195201552800444,2.811757039557176,7.0,37.67195767195767,3
1.5,1.0,3.5,6.0,3.0,1.1410539738908567,0.4344463089147795,0.7433681485166618,1.6634588654844877,-3.3736145729942635,-4.6195201552800444,3.5216930638165334,6.333333333333333,41.48148148148148,3
1.5,1.0,3.5,8.0,2.0,0.8147488577400447,0.21559885675794815,0.6438926974975528,1.1418628735326928,-4.231740793660568,-4.6195201552800444,2.4260763372388214,6.666666666666667,35.357142857142854,3
1.5,1.0,3.5,8.0,3.0,1.0077972063646534,0.5464212153957292,0.6438926974975528,1.765303543033685,-3.667351325629985,-4.6195201552800444,3.137165377263377,6.0,39.166666666666664,3
1.5,1.0,5.0,6.0,2.0,0.8948817246088563,0.3856505599790381,0.4509631793871022,1.1124019449288844,-4.140156315223085,-5.374188206514213,2.6910339605663727,7.0,37.67195767195767,3
1.5,1.0,5.0,6.0,3.0,1.0868549196601942,0.6361352968189309,0.4509631793871022,1.6599612788878417,-3.5757668471925013,-5.374188206514213,3.4039891947184486,6.333333333333333,41.48148148148148,3
1.5,1.0,5.0,8.0,2.0,0.8009808887079398,0.3489598553197611,0.4509631793871022,1.1290433493933978,-4.433692313091622,-5.374188206514213,2.3911462351736024,6.666666666666667,35.357142857142854,3
1.5,1.0,5.0,8.0,3.0,0.9912887729106772,0.6550146496110525,0.4509631793871022,1.7884278094142985,-3.8693028450610374,-5.374188206514213,3.1043941310835876,6.0,39.166666666666664,3
1.5,1.5,2.5,4.5,2.0,1.0504519421444123,0.32911513482877885,0.7097649560904021,1.3227032553642846,-4.009933715911651,-4.636945233581569,3.2325048647442087,8.0,40.984848484848484,3
1.5,1.5,2.5,4.5,3.0,1.1548735145416218,0.6343653229708462,0.7097649560904021,2.025633308654289,-3.8924290494727782,-4.636945233581569,3.7346683650599712,7.333333333333333,45.15151515151515,3
1.5,1.5,2.5,6.0,2.0,0.844983676030539,0.14154175730892948,0.7097649560904021,1.083015594053709,-4.094281680361701,-4.636945233581569,2.610626946895489,7.0,37.67195767195767,3
1.5,1.5,2.5,6.0,3.0,1.0211820079285345,0.436961514405622,0.7097649560904021,1.5923581972192888,-3.807497504082519,-4.636945233581569,3.28619071244148,6.333333333333333,41.48148148148148,3
1.5,1.5,2.5,8.0,2.0,0.7743899434756041,0.2587125304296134,0.5541160526274098,1.1277236861656033,-4.270035859111624,-4.636945233581569,2.4122938641210365,6.666666666666667,35.357142857142854,3
1.5,1.5,2.5,8.0,3.0,0.9458694700959658,0.5492821059105496,0.5541160526274098,1.7461101824783025,-3.983251682832441,-4.636945233581569,3.089903487487019,6.0,39.166666666666664,3
1.5,1.5,3.5,4.5,2.0,1.0577686133138222,0.3546785967316324,0.8504735857470644,1.3466732556311072,-4.149576107549478,-4.618179074279331,3.3924106621983454,8.0,40.984848484848484,3
1.5,1.5,3.5,4.5,3.0,1.1376903606767845,0.7346276690850166,0.5859769103699157,2.076232368713272,-4.104039946245581,-4.998579218533416,3.820167251383196,7.333333333333333,42.121212121212125,3
1.5,1.5,3.5,6.0,2.0,0.9342417394078137,0.1317174958777311,0.8555264645731259,1.1438161555176916,-4.164801485139276,-4.618179074279331,2.9843918509606215,7.0,37.67195767195767,3
1.5,1.5,3.5,6.0,3.0,1.1068291400589905,0.4306286592439288,0.8555264645731259,1.6765253072147976,-3.878017308860094,-4.618179074279331,3.662365641849526,6.333333333333333,41.48148148148148,3
1.5,1.5,3.5,8.0,2.0,0.8410311762794942,0.28118447752881276,0.552879410827713,1.1805883506484756,-4.339700997095744,-4.845209842246362,2.693443022009919,6.666666666666667,35.357142857142854,3
1.5,1.5,3.5,8.0,3.0,1.0105635733525826,0.5517873929483957,0.552879410827713,1.8223413954926997,-4.052916820816562,-4.845209842246362,3.3724964636965726,6.0,39.166666666666664,3
1.5,1.5,5.0,6.0,2.0,0.8847266648345959,0.3176380963526029,0.5704135263592323,1.103587580700803,-4.327290224060326,-5.2525492325202645,2.8628266140771736,7.0,37.67195767195767,3
1.5,1.5,5.0,6.0,3.0,1.0543946767492578,0.5920942558548248,0.5704135263592323,1.6713465551951974,-4.040506047781144,-5.2525492325202645,3.5436797812912495,6.333333333333333,41.48148148148148,3
1.5,1.5,5.0,8.0,2.0,0.8251618515978404,0.33033280079496563,0.5704135263592323,1.165004340955471,-4.501810041865992,-5.2525492325202645,2.6572592715977374,6.666666666666667,35.357142857142854,3
1.5,1.5,5.0,8.0,3.0,0.9927033460745752,0.6171927853589447,0.5704135263592323,1.8418072085969832,-4.21502586558681,-5.2525492325202645,3.3383713334014984,6.0,39.166666666666664,3
1.5,2.0,2.5,4.5,2.0,1.0628423095389454,0.21886110659012023,0.8161988196991062,1.3197674057723603,-4.159438263913974,-4.635581898965441,3.5517564171660303,8.0,44.01515151515151,3
1.5,2.0,2.5,4.5,3.0,1.246319758258822,0.6247297048730868,0.8161988196991062,2.173542937866817,-3.8435797759289283,-4.635581898965441,4.2731390393580355,7.333333333333333,48.18181818181818,3
1.5,2.0,2.5,6.0,2.0,0.8500370349493109,0.03117774754544291,0.8161988196991062,1.089040187897696,-4.268667006083459,-4.635581898965441,2.8384609672813386,7.0,37.67195767195767,3
1.5,2.0,2.5,6.0,3.0,1.0912825500830576,0.42439622999916016,0.8161988196991062,1.701752399707032,-3.7834033912799323,-4.635581898965441,3.730530852039204,6.333333333333333,41.48148148148148,3
1.5,2.0,2.5,8.0,2.0,0.7813293597502101,0.1638271202738814,0.6028747058241373,1.1135036413623014,-4.444241082436878,-4.635581898965441,2.6067853748580485,6.666666666666667,35.357142857142854,3
1.5,2.0,2.5,8.0,3.0,1.0180410117571987,0.5448866022716193,0.6028747058241373,1.8501657814989014,-3.958977467633351,-4.635581898965441,3.5015271568202393,6.0,39.166666666666664,3
1.5,2.0,3.5,4.5,2.0,1.0742150732907232,0.22089300087349684,0.9394691270651883,1.3354790086004853,-4.299176821516728,-4.61684134650143,3.7110167827109444,8.0,40.984848484848484,3
1.5,2.0,3.5,4.5,3.0,1.2341290233713837,0.7170421417833597,0.6994099317386636,2.2211587680636877,-4.055340848175747,-4.853819652101817,4.358467727935682,7.333333333333333,42.121212121212125,3
1.5,2.0,3.5,6.0,2.0,0.9346660157187628,0.026552976028297304,0.9043976138124755,1.1466465989659438,-4.339172101552124,-4.61684134650143,3.212518774903191,7.0,37.67195767195767,3
1.5,2.0,3.5,6.0,3.0,1.172679418944838,0.42242069351036327,0.9043976138124755,1.7859195097025475,-3.8539084867485975,-4.61684134650143,4.1077669182465995,6.333333333333333,41.48148148148148,3
1.5,2.0,3.5,8.0,2.0,0.8445794744269571,0.21009617005749262,0.6023550371791971,1.1631741554494324,-4.513892694437811,-4.773684346477429,2.8882266282549343,6.666666666666667,35.357142857142854,3
1.5,2.0,3.5,8.0,3.0,1.07951390819959,0.5507261987662211,0.6023550371791971,1.9263969945133,-4.0286290796342845,-4.773684346477429,3.7848721651519903,6.0,39.166666666666664,3
1.5,2.0,5.0,6.0,2.0,0.8854439781493374,0.1919719996402218,0.678203179136145,1.1016267985554389,-4.461559643430475,-5.130909500770178,3.089402753718732,7.0,37.67195767195767,3
1.5,2.0,5.0,6.0,3.0,1.12172975202479,0.571045205275049,0.678203179136145,1.7807407576829508,-3.976296028626949,-5.130909500770178,3.9884479023897916,6.333333333333333,41.48148148148148,3
1.5,2.0,5.0,8.0,2.0,0.8250732495615719,0.20248395980705386,0.678203179136145,1.142798920162818,-4.63590053806312,-5.130909500770178,2.8508988315370853,6.666666666666667,35.357142857142854,3
1.5,2.0,5.0,8.0,3.0,1.0588094058649158,0.6056941342088621,0.678203179136145,1.9458628076175923,-4.150636923259594,-5.130909500770178,3.7502587227959663,6.0,39.166666666666664,3
2.0,1.0,2.5,4.5,2.0,1.2798435263677328,1.3029663394199955,0.20031974022981675,2.466588788592848,-4.15330756916186,-5.854821010790802,3.794553590140314,6.666666666666667,44.88095238095238,3
2.0,1.0,2.5,4.5,3.0,1.5432406369746428,1.2709101386505555,0.20031974022981675,3.0532267345125628,-3.5248335120194425,-5.854821010790802,4.707788267220535,6.0,49.047619047619044,3
2.0,1.0,2.5,6.0,2.0,1.0587878371647295,1.1874746811438723,0.20031974022981675,3.4805667842299335,-4.153307569161856,-5.854821010790802,3.102761186249081,5.666666666666667,49.52380952380952,3
2.0,1.0,2.5,6.0,3.0,1.3252290371965574,1.1072658390352257,0.20031974022981675,3.8858749954788228,-3.524833512019439,-5.854821010790802,4.006325890039723,5.0,53.333333333333336,3
2.0,1.0,2.5,8.0,2.0,1.043368393866828,1.0948848800020956,0.20031974022981675,1.9165129445394093,-4.153307569161856,-5.854821010790802,3.045943029501356,5.666666666666667,42.857142857142854,3
2.0,1.0,2.5,8.0,3.0,1.3038800095374234,1.0460106294348377,0.20031974022981675,2.4149006618507403,-3.524833512019439,-5.854821010790802,3.9522741408507094,5.0,46.666666666666664,3
2.0,1.0,3.5,4.5,2.0,1.2823726662392938,1.0777920355460158,0.35713874706599097,2.0813758953692503,-4.208637313686553,-5.686406225040322,4.012885646583619,6.666666666666667,44.88095238095238,3
2.0,1.0,3.5,4.5,3.0,1.540836610463734,1.077883176069928,0.35713874706599097,2.705495242668364,-3.580163256544136,-5.686406225040322,4.929693722788339,6.0,49.047619047619044,3
2.0,1.0,3.5,6.0,2.0,1.1266410476766104,1.0751958578034528,0.35713874706599097,3.629747631999726,-4.208637313686545,-5.686406225040322,3.4706438467843346,5.666666666666667,49.52380952380952,3
2.0,1.0,3.5,6.0,3.0,1.3878956375686518,1.0005231684213376,0.35713874706599097,4.055001451690567,-3.5801632565441275,-5.686406225040322,4.377436154211608,5.0,53.333333333333336,3
2.0,1.0,3.5,8.0,2.0,1.085320713656857,0.9710416869337065,0.35713874706599097,1.9745937012429076,-4.208637313686549,-5.686406225040322,3.3194810814261673,5.666666666666667,42.857142857142854,3
2.0,1.0,3.5,8.0,3.0,1.3430850443246811,0.9234708551804731,0.35713874706599097,2.4929270269961896,-3.580163256544132,-5.686406225040322,4.227746121311722,5.0,46.666666666666664,3
2.0,1.0,5.0,6.0,2.0,1.0794941207211377,1.1547533135994354,0.09287693153678693,3.678491502073131,-4.48499297759903,-6.515473216777762,3.368583668436568,5.666666666666667,49.52380952380952,3
2.0,1.0,5.0,6.0,3.0,1.337041202632614,1.1460458392413149,0.09287693153678693,4.133663734426899,-3.8565189204566135,-6.515473216777762,4.279232374485242,5.0,53.333333333333336,3
2.0,1.0,5.0,8.0,2.0,1.0748405820379507,1.143383049028853,0.09287693153678693,2.0565520544344857,-4.484992977599028,-6.515473216777762,3.3092863804452235,5.666666666666667,42.857142857142854,3
2.0,1.0,5.0,8.0,3.0,1.3300348173672996,1.1373033957822007,0.09287693153678693,2.6048037928506957,-3.8565189204566104,-6.515473216777762,4.220308899656884,5.0,46.666666666666664,3
2.0,1.5,2.5,4.5,2.0,1.3251670622943221,1.1722386228711084,0.33025695279296075,2.1958891635704876,-4.249467439478621,-5.734524839104574,4.226911234076643,6.666666666666667,44.88095238095238,3
2.0,1.5,2.5,4.5,3.0,1.5599405085003168,1.1532779711103018,0.33025695279296075,2.812215496389508,-3.8975593727733515,-5.734524839104574,5.110031232327049,6.0,49.047619047619044,3
2.0,1.5,2.5,6.0,2.0,1.0976093835134264,1.0482603267022341,0.33025695279296075,2.3134952883617985,-4.249467439478624,-5.734524839104574,3.4426248812426654,5.666666666666667,49.52380952380952,3
2.0,1.5,2.5,6.0,3.0,1.3343332138804558,0.9816859052788794,0.33025695279296075,2.7395268998709423,-3.8975593727733546,-5.734524839104574,4.315388741645565,5.0,53.333333333333336,3
2.0,1.5,2.5,8.0,2.0,1.0727708682540327,0.9506150681362038,0.33025695279296075,1.6626326900529829,-4.249467439478619,-5.734524839104574,3.352644427004884,5.666666666666667,42.857142857142854,3
2.0,1.5,2.5,8.0,3.0,1.3036522664065728,0.914220825693433,0.33025695279296075,2.180034197404252,-3.8975593727733497,-5.734524839104574,4.228051340306512,5.0,46.666666666666664,3
2.0,1.5,3.5,4.5,2.0,1.3317774114531002,0.9698819694906056,0.47872927443624275,1.9547795978111921,-4.304112117041238,-5.566109327213819,4.446266308792656,6.666666666666667,44.88095238095238,3
2.0,1.5,3.5,4.5,3.0,1.5627698067330202,0.9802240484925662,0.47872927443624275,2.60789890348673,-3.9522040503359683,-5.566109327213819,5.332837074029798,6.0,49.047619047619044,3
2.0,1.5,3.5,6.0,2.0,1.1643353408002628,0.9493701614615132,0.47872927443624275,2.413995681860432,-4.30411211704124,-5.566109327213819,3.8114197635621694,5.666666666666667,49.52380952380952,3
2.0,1.5,3.5,6.0,3.0,1.397098931560319,0.8865288817932803,0.47872927443624275,2.8596065567643163,-3.9522040503359706,-5.566109327213819,4.687297146520919,5.0,53.333333333333336,3
2.0,1.5,3.5,8.0,2.0,1.115315306500903,0.8398769461570612,0.47872927443624275,1.7157246029692308,-4.304112117041239,-5.566109327213819,3.626914382904174,5.666666666666667,42.857142857142854,3
2.0,1.5,3.5,8.0,3.0,1.3440815421364427,0.8037371737644412,0.47872927443624275,2.2527053737152407,-3.95220405033597,-5.566109327213819,4.504186571573654,5.0,46.666666666666664,3
2.0,1.5,5.0,6.0,2.0,1.11707351445839,1.0340088338004143,0.21946956131042808,2.425963237374141,-4.580509452778851,-6.395301334426693,3.7086988336568982,5.666666666666667,49.52380952380952,3
2.0,1.5,5.0,6.0,3.0,1.3470977676327867,1.0330029692607823,0.21946956131042808,2.900943007370136,-4.228601386073582,-6.395301334426693,4.588296095811795,5.0,53.333333333333336,3
2.0,1.5,5.0,8.0,2.0,1.1026612140601355,1.01131886383356,0.21946956131042808,1.7684592372252306,-4.580509452778867,-6.395301334426693,3.6156476520817478,5.666666666666667,42.857142857142854,3
2.0,1.5,5.0,8.0,3.0,1.3295536905848488,1.0136265503053719,0.21946956131042808,2.334808903063351,-4.228601386073598,-6.395301334426693,4.495579381318874,5.0,46.666666666666664,3
2.0,2.0,2.5,4.5,2.0,1.2268070057411629,0.9844397108297521,0.44878440663542973,1.9106429287081594,-4.439182576653429,-5.614228148458087,4.354732545089898,6.666666666666667,49.642857142857146,3
2.0,2.0,2.5,4.5,3.0,1.533680828786504,0.9741731690759614,0.44878440663542973,2.64142013828986,-3.857216147933133,-5.614228148458087,5.492404698579723,6.0,53.80952380952382,3
2.0,2.0,2.5,6.0,2.0,1.0673455746468936,0.9962728565647235,0.44878440663542973,2.4269173826641652,-4.439182576653426,-5.614228148458087,3.6889956058714586,5.666666666666667,49.52380952380952,3
2.0,2.0,2.5,6.0,3.0,1.3701791769581861,0.8862997419316367,0.44878440663542973,2.9312988694770543,-3.8572161479331313,-5.614228148458087,4.812034872521376,5.0,53.333333333333336,3
2.0,2.0,2.5,8.0,2.0,1.0399787960358748,0.8887622035088537,0.44878440663542973,1.6970838704124296,-4.439182576653427,-5.614228148458087,3.56386312161232,5.666666666666667,42.857142857142854,3
2.0,2.0,2.5,8.0,3.0,1.3376232345813481,0.8191033019262205,0.44878440663542973,2.3035717312875317,-3.857216147933132,-5.614228148458087,4.69026607705858,5.0,46.666666666666664,3
2.0,2.0,3.5,4.5,2.0,1.246990792065809,0.8139378119594387,0.5891623710506555,1.7673188376957032,-4.49372283175012,-5.445811912444685,4.574060041201325,6.666666666666667,44.88095238095238,3
2.0,2.0,3.5,4.5,3.0,1.550539562446417,0.8420579246528573,0.5891623710506555,2.5392124020102567,-3.9117564030298255,-5.445811912444685,5.716171455593119,6.0,49.047619047619044,3
2.0,2.0,3.5,6.0,2.0,1.1352013927160842,0.9130054499131074,0.5891623710506555,2.525117102258481,-4.493722831750116,-5.445811912444685,4.05802916343958,5.666666666666667,49.52380952380952,3
2.0,2.0,3.5,6.0,3.0,1.4345335773756294,0.8038744135820546,0.5891623710506555,3.0513785263704123,-3.911756403029821,-5.445811912444685,5.185069584317592,5.0,53.333333333333336,3
2.0,2.0,3.5,8.0,2.0,1.0852785231446271,0.7968535883028139,0.5891623710506555,1.7478751094243759,-4.493722831750112,-5.445811912444685,3.8383534852430032,5.666666666666667,42.857142857142854,3
2.0,2.0,3.5,8.0,3.0,1.38099940890518,0.7225094089915746,0.5891623710506555,2.37624290759852,-3.9117564030298175,-5.445811912444685,4.967153104428804,5.0,46.666666666666664,3
2.0,2.0,5.0,6.0,2.0,1.0895122754313926,0.9776485994464275,0.3366597310711607,2.5336336469157157,-4.770161762088153,-6.275128703458805,3.9537415480984883,5.666666666666667,49.52380952380952,3
2.0,2.0,5.0,6.0,3.0,1.3872650862477733,0.9525112334496428,0.3366597310711607,3.092714976976217,-4.188195333367857,-6.275128703458805,5.085562072140459,5.0,53.333333333333336,3
2.0,2.0,5.0,8.0,2.0,1.0698795533780077,0.9425076509710879,0.3366597310711607,1.7971587328239176,-4.770161762088152,-6.275128703458805,3.8261437659957562,5.666666666666667,42.857142857142854,3
2.0,2.0,5.0,8.0,3.0,1.3645002804319617,0.9258225825504346,0.3366597310711607,2.458346436946632,-4.188195333367857,-6.275128703458805,4.958360523887865,5.0,46.666666666666664,3
2.5,1.0,2.5,4.5,3.0,1.195386410448028,1.379602293782774,-0.24613396901103116,2.168747466571283,-4.4267585997053205,-7.302759408877839,3.6374203780583607,6.0,49.047619047619044,3
2.5,1.0,2.5,6.0,3.0,1.0244898321466052,1.2838978434668844,-0.24613396901103116,2.917193931637667,-4.426758599705325,-7.302759408877839,3.0409554905456564,5.0,53.333333333333336,3
2.5,1.0,2.5,8.0,3.0,0.8903768982482304,1.0571177642125071,-0.24613396901103116,1.4948412946258507,-4.52795938781612,-7.302759408877839,2.6717582777867137,5.0,46.666666666666664,3
2.5,1.0,3.5,4.5,3.0,1.1949682081243314,1.1824200765854243,-0.0871672771741851,1.9563757501068306,-4.482732557266557,-7.136934816674299,3.83761151515006,6.0,49.047619047619044,3
2.5,1.0,3.5,6.0,3.0,1.0911520229861085,1.1779407173444814,-0.0871672771741851,3.043417539375237,-4.482732557266567,-7.136934816674299,3.4077535840467466,5.0,53.333333333333336,3
2.5,1.0,3.5,8.0,3.0,0.9394763526883824,0.9464003372031922,-0.0871672771741851,1.5466294667862786,-4.558989172497502,-7.136934816674299,2.943402976371027,5.0,46.666666666666664,3
2.5,1.0,5.0,6.0,3.0,1.0505093620467878,1.3022116016098026,-0.323994155349707,3.097960049292807,-4.7548379134988865,-7.953250885371248,3.312474308101754,5.0,53.333333333333336,3
2.5,1.0,5.0,8.0,3.0,0.9366430344122073,1.1480897327767619,-0.323994155349707,1.6050536479386912,-4.831094528729798,-7.953250885371248,2.937418279284561,5.0,46.666666666666664,3
2.5,1.5,2.5,4.5,3.0,1.214582193088374,1.2449442592482556,-0.10762605458054278,2.0082697113312005,-4.824862749222411,-7.184313373842246,4.004169712225088,6.0,49.047619047619044,3
2.5,1.5,2.5,6.0,3.0,1.0321843938495487,1.1332531147626719,-0.10762605458054278,2.089461421391553,-4.824862749222412,-7.184313373842246,3.315428493326955,5.0,53.333333333333336,3
2.5,1.5,2.5,8.0,3.0,0.8977545432981905,0.9185103667173022,-0.10762605458054278,1.4187392769304947,-4.895057921295159,-7.184313373842246,2.91363865496479,5.0,46.666666666666664,3
2.5,1.5,3.5,4.5,3.0,1.2202435672520453,1.0709656399155036,0.043105107611417434,1.880220250931992,-4.880058001934008,-7.018488066666359,4.205330316795301,6.0,49.047619047619044,3
2.5,1.5,3.5,6.0,3.0,1.0994427895989558,1.0403217607725816,0.043105107611417434,2.1799798699994253,-4.88005800193401,-7.018488066666359,3.6829591557681725,5.0,53.333333333333336,3
2.5,1.5,3.5,8.0,3.0,0.9475313409252003,0.8193708137338929,0.043105107611417434,1.4681743393004443,-4.925564293912842,-7.018488066666359,3.185922688043911,5.0,46.666666666666664,3
2.5,1.5,5.0,6.0,3.0,1.0592366939273046,1.1692058154783336,-0.19062485832454604,2.207349867247585,-5.152204389085187,-7.834927228119924,3.586847118248419,5.0,53.333333333333336,3
2.5,1.5,5.0,8.0,3.0,0.9421806410541586,1.0180828630641805,-0.19062485832454604,1.513515938963458,-5.197710681064039,-7.834927228119924,3.1786251887152077,5.0,46.666666666666664,3
2.5,2.0,2.5,4.5,3.0,1.1996706990748998,1.063903285168077,0.02226373500008894,1.9044912179688545,-4.785136929185968,-7.065866827827899,4.356137516296362,6.0,49.047619047619044,3
2.5,2.0,2.5,6.0,3.0,1.081930898084864,1.0406032182114522,0.02226373500008894,2.235855470414102,-4.785136929185978,-7.065866827827899,3.807556195007759,5.0,53.333333333333336,3
2.5,2.0,2.5,8.0,3.0,0.9567958858637461,0.8444404714668293,0.02226373500008894,1.5001226408886934,-4.824939498215495,-7.065866827827899,3.3699833913991415,5.0,46.666666666666664,3
2.5,2.0,3.5,4.5,3.0,1.2184030774995673,0.9283108825283953,0.16488110985884133,1.8299648728095008,-4.840228057327547,-6.900040807666191,4.5583218580819524,6.0,49.047619047619044,3
2.5,2.0,3.5,6.0,3.0,1.1497951669536715,0.9589373578565137,0.16488110985884133,2.326373919021996,-4.840228057327537,-6.900040807666191,4.17620037594284,5.0,53.333333333333336,3
2.5,2.0,3.5,8.0,3.0,1.0070794159567884,0.7552962718037503,0.16488110985884133,1.5495577032586396,-4.8554456331712466,-6.900040807666191,3.643008567035914,5.0,46.666666666666664,3
2.5,2.0,5.0,6.0,3.0,1.111205863868168,1.0898045204867024,-0.06425925724154855,2.3537439162701257,-5.1124153993606,-7.71660283376538,4.0795935877209315,5.0,53.333333333333336,3
2.5,2.0,5.0,8.0,3.0,0.9987849350446516,0.9474006664893665,-0.06425925724154855,1.594899302921655,-5.127632975204311,-7.71660283376538,3.6355320415781933,5.0,46.666666666666664,3
